{"cameraMode":{"drawMode":0,"name":"Shaded","section":"Shading Mode"},"sceneLighting":true,"audioPlay":false,"sceneViewState":{"m_AlwaysRefresh":false,"showFog":true,"showSkybox":true,"showFlares":true,"showImageEffects":true,"showParticleSystems":true,"showVisualEffectGraphs":true,"m_FxEnabled":true},"in2DMode":false,"pivot":{"x":2.5766074657440187,"y":2.085968494415283,"z":-1.3305414915084839},"rotation":{"x":0.0804775282740593,"y":-0.6094576120376587,"z":0.06238097697496414,"w":0.7862532734870911},"size":0.5030453205108643,"orthographic":false}