{"cameraMode":{"drawMode":0,"name":"Shaded","section":"Shading Mode"},"sceneLighting":false,"audioPlay":false,"sceneViewState":{"m_AlwaysRefresh":false,"showFog":true,"showSkybox":false,"showFlares":true,"showImageEffects":true,"showParticleSystems":true,"showVisualEffectGraphs":true,"m_FxEnabled":false},"in2DMode":false,"pivot":{"x":-0.003984183073043823,"y":0.23171104490756989,"z":-0.0059119462966918949},"rotation":{"x":0.03482983633875847,"y":-0.9143763184547424,"z":0.39524373412132265,"w":0.08057880401611328},"size":0.4902578592300415,"orthographic":true}