{"cameraMode":{"drawMode":0,"name":"Shaded","section":"Shading Mode"},"sceneLighting":false,"audioPlay":false,"sceneViewState":{"m_AlwaysRefresh":false,"showFog":true,"showSkybox":false,"showFlares":true,"showImageEffects":true,"showParticleSystems":true,"showVisualEffectGraphs":true,"m_FxEnabled":false},"in2DMode":false,"pivot":{"x":-0.0003845393657684326,"y":0.09759847819805145,"z":0.0004524737596511841},"rotation":{"x":0.3336363136768341,"y":-0.54590904712677,"z":0.25069552659988406,"w":0.726518452167511},"size":0.16160841286182404,"orthographic":true}