{"cameraMode":{"drawMode":0,"name":"Shaded","section":"Shading Mode"},"sceneLighting":false,"audioPlay":false,"sceneViewState":{"m_AlwaysRefresh":false,"showFog":true,"showSkybox":false,"showFlares":true,"showImageEffects":true,"showParticleSystems":true,"showVisualEffectGraphs":true,"m_FxEnabled":false},"in2DMode":false,"pivot":{"x":0.01933985948562622,"y":0.41314631700515749,"z":-0.14118745923042298},"rotation":{"x":-0.16169807314872743,"y":-0.7371813058853149,"z":0.1898026317358017,"w":-0.6280128955841065},"size":0.7645467519760132,"orthographic":true}