{"cameraMode":{"drawMode":0,"name":"Shaded","section":"Shading Mode"},"sceneLighting":false,"audioPlay":false,"sceneViewState":{"m_AlwaysRefresh":false,"showFog":true,"showSkybox":false,"showFlares":true,"showImageEffects":true,"showParticleSystems":true,"showVisualEffectGraphs":true,"m_FxEnabled":false},"in2DMode":false,"pivot":{"x":0.008836373686790467,"y":0.17022089660167695,"z":0.0031034350395202638},"rotation":{"x":0.3336363136768341,"y":-0.54590904712677,"z":0.25069552659988406,"w":0.726518452167511},"size":0.23327301442623139,"orthographic":true}