{"cameraMode":{"drawMode":0,"name":"Shaded","section":"Shading Mode"},"sceneLighting":false,"audioPlay":false,"sceneViewState":{"m_AlwaysRefresh":false,"showFog":true,"showSkybox":false,"showFlares":true,"showImageEffects":true,"showParticleSystems":true,"showVisualEffectGraphs":true,"m_FxEnabled":false},"in2DMode":false,"pivot":{"x":0.012398988008499146,"y":0.17197157442569734,"z":-0.014184936881065369},"rotation":{"x":0.3336363136768341,"y":-0.54590904712677,"z":0.25069552659988406,"w":0.726518452167511},"size":0.2690943777561188,"orthographic":true}