{"cameraMode":{"drawMode":0,"name":"Shaded","section":"Shading Mode"},"sceneLighting":false,"audioPlay":false,"sceneViewState":{"m_AlwaysRefresh":false,"showFog":true,"showSkybox":false,"showFlares":true,"showImageEffects":true,"showParticleSystems":true,"showVisualEffectGraphs":true,"m_FxEnabled":false},"in2DMode":false,"pivot":{"x":0.04479745402932167,"y":0.1822422593832016,"z":0.04725589603185654},"rotation":{"x":0.3336363136768341,"y":-0.54590904712677,"z":0.25069552659988406,"w":0.726518452167511},"size":0.22184467315673829,"orthographic":true}