{"cameraMode":{"drawMode":0,"name":"Shaded","section":"Shading Mode"},"sceneLighting":false,"audioPlay":false,"sceneViewState":{"m_AlwaysRefresh":false,"showFog":true,"showSkybox":false,"showFlares":true,"showImageEffects":true,"showParticleSystems":true,"showVisualEffectGraphs":true,"m_FxEnabled":true},"in2DMode":false,"pivot":{"x":-0.7068381309509277,"y":0.18546408414840699,"z":-0.8244259357452393},"rotation":{"x":0.021465977653861047,"y":-0.9747724533081055,"z":0.19436340034008027,"w":0.1077708825469017},"size":1.5880080461502076,"orthographic":false}