{"cameraMode":{"drawMode":0,"name":"Shaded","section":"Shading Mode"},"sceneLighting":false,"audioPlay":false,"sceneViewState":{"m_AlwaysRefresh":false,"showFog":true,"showSkybox":false,"showFlares":true,"showImageEffects":true,"showParticleSystems":true,"showVisualEffectGraphs":true,"m_FxEnabled":false},"in2DMode":false,"pivot":{"x":-0.07779812812805176,"y":0.24657730758190156,"z":-0.14311453700065614},"rotation":{"x":0.03482983633875847,"y":-0.9143763184547424,"z":0.39524373412132265,"w":0.08057880401611328},"size":1.0994975566864014,"orthographic":true}